{
  "mcpServers": {
    "aws-docs": {
      "command": "uvx",
      "args": ["awslabs.aws-documentation-mcp-server@latest"],
      "env": {
        "FASTMCP_LOG_LEVEL": "ERROR"
      },
      "disabled": false,
      "timeout": 60,
      "autoApprove": []
    },
    "aws-diagram": {
      "command": "uv",
      "args": [
        "tool",
        "run",
        "--from",
        "awslabs.aws-diagram-mcp-server@latest",
        "awslabs.aws-diagram-mcp-server"
      ],
      "env": {
        "FASTMCP_LOG_LEVEL": "ERROR",
        "PATH": "C:\\Program Files\\Graphviz\\bin;%PATH%"
      },
      "disabled": false,
      "timeout": 60,
      "autoApprove": []
    },
    "aws-bedrock-kb": {
      "command": "uvx",
      "args": ["awslabs.bedrock-kb-retrieval-mcp-server@latest"],
      "env": {
        "FASTMCP_LOG_LEVEL": "ERROR"
      },
      "disabled": false,
      "timeout": 60,
      "autoApprove": []
    },
    "aws-core": {
      "command": "uv",
      "args": [
        "tool",
        "run",
        "--from",
        "awslabs.core-mcp-server@latest",
        "awslabs.core-mcp-server"
      ],
      "env": {
        "FASTMCP_LOG_LEVEL": "ERROR",
        "AWS_PROFILE": "default",
        "AWS_REGION": "us-east-1",
        "aws-foundation": "true",
        "solutions-architect": "true",
        "dev-tools": "true",
        "serverless-architecture": "true",
        "analytics-warehouse": "true",
        "data-platform-eng": "true",
        "sql-db-specialist": "true"
      },
      "disabled": false,
      "timeout": 120,
      "autoApprove": []
    },
    "aws-serverless": {
      "command": "uvx",
      "args": ["awslabs.aws-serverless-mcp-server@latest"],
      "env": {
        "FASTMCP_LOG_LEVEL": "ERROR"
      },
      "disabled": false,
      "timeout": 60,
      "autoApprove": []
    },
    "aws-stepfunctions": {
      "command": "uvx",
      "args": ["awslabs.stepfunctions-tool-mcp-server@latest"],
      "env": {
        "FASTMCP_LOG_LEVEL": "ERROR"
      },
      "disabled": false,
      "timeout": 60,
      "autoApprove": []
    },
    "aws-location": {
      "command": "uvx",
      "args": ["awslabs.aws-location-mcp-server@latest"],
      "env": {
        "FASTMCP_LOG_LEVEL": "ERROR"
      },
      "disabled": false,
      "timeout": 60,
      "autoApprove": []
    },
    "aws-dynamodb": {
      "command": "uvx",
      "args": ["awslabs.dynamodb-mcp-server@latest"],
      "env": {
        "FASTMCP_LOG_LEVEL": "ERROR",
        "AWS_PROFILE": "default",
        "AWS_REGION": "us-east-1"
      },
      "disabled": false,
      "timeout": 60,
      "autoApprove": []
    },
    "aws-redshift": {
      "command": "uvx",
      "args": ["awslabs.redshift-mcp-server@latest"],
      "env": {
        "FASTMCP_LOG_LEVEL": "ERROR",
        "AWS_PROFILE": "default",
        "AWS_REGION": "us-east-1"
      },
      "disabled": false,
      "timeout": 60,
      "autoApprove": []
    },
    "aws-dataprocessing": {
      "command": "uvx",
      "args": ["awslabs.aws-dataprocessing-mcp-server@latest"],
      "env": {
        "FASTMCP_LOG_LEVEL": "ERROR",
        "AWS_PROFILE": "default",
        "AWS_REGION": "us-east-1"
      },
      "disabled": false,
      "timeout": 60,
      "autoApprove": []
    },
    "aws-timestream": {
      "command": "uvx",
      "args": ["awslabs.timestream-for-influxdb-mcp-server@latest"],
      "env": {
        "FASTMCP_LOG_LEVEL": "ERROR",
        "AWS_PROFILE": "default",
        "AWS_REGION": "us-east-1"
      },
      "disabled": false,
      "timeout": 60,
      "autoApprove": []
    },
    "git-repo-research": {
      "command": "uv",
      "args": [
        "tool",
        "run",
        "--from",
        "awslabs.git-repo-research-mcp-server@latest",
        "awslabs.git-repo-research-mcp-server"
      ],
      "env": {
        "FASTMCP_LOG_LEVEL": "ERROR",
        "AWS_PROFILE": "default",
        "AWS_REGION": "us-east-1"
      },
      "disabled": false,
      "timeout": 60,
      "autoApprove": []
    },
    "code-doc-gen": {
      "command": "uvx",
      "args": ["awslabs.code-doc-gen-mcp-server@latest"],
      "env": {
        "FASTMCP_LOG_LEVEL": "ERROR"
      },
      "disabled": false,
      "timeout": 60,
      "autoApprove": []
    },
    "aws-postgres": {
      "command": "uvx",
      "args": ["awslabs.postgres-mcp-server@latest"],
      "env": {
        "FASTMCP_LOG_LEVEL": "ERROR",
        "AWS_PROFILE": "default",
        "AWS_REGION": "us-east-1"
      },
      "disabled": false,
      "timeout": 60,
      "autoApprove": []
    },
    "aws-mysql": {
      "command": "uvx",
      "args": ["awslabs.mysql-mcp-server@latest"],
      "env": {
        "FASTMCP_LOG_LEVEL": "ERROR",
        "AWS_PROFILE": "default",
        "AWS_REGION": "us-east-1"
      },
      "disabled": false,
      "timeout": 60,
      "autoApprove": []
    }
  }
}  